run_id,label,kind,students,context_tokens,activity,shared_fraction,grade,grade_brief,ttft_p50_s,ttft_p90_s,ttft_p99_s,burst_p50_s,burst_p90_s,decode_tps_p50,requests,requests_failed,error_rate,bursts,prefix_cache_hit_rate,preemptions,kv_cache_usage_avg,kv_cache_usage_peak,queue_depth_avg,queue_depth_peak,server_prefill_tps,server_decode_tps,client_output_tps,compactions,compactions_per_100_steps,context_tokens_peak,max_students_ok,reasons,warnings,duration_s
act_intensief_s10,"10 studenten, activiteit intensief",activity,10,32000,intensief,0.5,groen,groen,0.2002,0.5351,3.2903,36.5533,79.8738,65.0937,202,0,0.0,24,0.9543,0.0,0.0675,0.1097,0.0,0.0,17504.01,208.8033,204.1167,9,4.4554,57794,,,,402.0
act_intensief_s20,"20 studenten, activiteit intensief",activity,20,32000,intensief,0.5,oranje,groen,0.2181,0.9085,2.8586,43.1711,120.0653,42.4172,261,0,0.0,41,0.9452,0.0,0.1313,0.1799,0.0,0.0,21738.8133,331.7167,308.5333,16,6.3492,53810,,p90 doorlooptijd instructie 120s,,416.0
act_rustig_s10,"10 studenten, activiteit rustig",activity,10,32000,rustig,0.5,groen,groen,0.1719,0.4429,1.4689,21.9774,45.7596,93.1967,91,0,0.0,13,0.9572,0.0,0.0198,0.045,0.0,0.0,6878.1567,107.6567,100.63,3,3.2967,35725,,,,397.0
act_rustig_s20,"20 studenten, activiteit rustig",activity,20,32000,rustig,0.5,groen,groen,0.2031,0.6907,2.6632,25.9608,65.0128,78.742,112,0,0.0,20,0.9317,0.0,0.0395,0.0949,0.0,0.0,8586.02,172.6267,156.3833,6,5.3571,44821,,,,395.0
engine_kv_auto,vLLM-variant kv_auto,engine,20,64000,normaal,0.5,oranje,groen,0.2569,0.6799,5.8113,52.7696,165.6693,32.4929,152,0,0.0,26,0.9696,0.0,0.2787,0.4223,0.0,0.0,19507.0767,208.4333,188.5667,4,2.9412,58347,,p90 doorlooptijd instructie 166s,,406.0
engine_kv_fp8,vLLM-variant kv_fp8,engine,20,64000,normaal,0.5,oranje,groen,0.2595,0.7198,4.2103,42.3732,98.7459,45.7595,181,0,0.0,29,0.9691,0.0,0.1257,0.1918,0.0,0.0,24596.42,241.26,225.0167,5,3.1646,60443,,p90 doorlooptijd instructie 99s,,402.0
engine_len_65k,vLLM-variant len_65k,engine,20,64000,normaal,0.5,oranje,groen,0.2559,0.6728,4.2218,42.2958,99.0324,47.225,181,0,0.0,29,0.9689,0.0,0.1272,0.1934,0.0,0.0,24600.85,241.4767,228.1,5,3.1646,59860,,p90 doorlooptijd instructie 99s,,402.0
engine_seqs_16,vLLM-variant seqs_16,engine,20,64000,normaal,0.5,oranje,groen,0.2536,0.7108,4.2155,42.4105,101.2575,45.7995,182,0,0.0,29,0.9691,0.0,0.128,0.1957,0.0,0.0,24613.0433,241.46,229.5133,5,3.1447,60716,,p90 doorlooptijd instructie 101s,,404.0
engine_seqs_64,vLLM-variant seqs_64,engine,20,64000,normaal,0.5,oranje,groen,0.2415,0.6554,4.3066,41.6093,99.1751,46.1952,181,0,0.0,29,0.9689,0.0,0.1265,0.1946,0.0,0.0,24207.81,239.6533,225.6167,5,3.1646,60075,,p90 doorlooptijd instructie 99s,,402.0
rampup,"Klifzoeker: 5 studenten, +2 per 120s tot het breekt",rampup,40,32000,normaal,0.5,oranje,groen,0.221,0.7474,3.8131,30.7459,104.0342,38.5679,1661,0,0.0,280,0.9407,0.0,0.1023,0.3144,0.0088,2.0,15084.0475,226.7217,203.1788,89,5.3582,84069,40,p90 doorlooptijd instructie 104s,wachtrij piekte op 2 verzoeken,2291.0
scen_deadline,"Deadline, 20 studenten in burst",scenario,20,32000,intensief,0.5,rood,groen,0.2265,0.7245,5.7827,84.8934,284.669,28.9454,352,0,0.0,36,0.9481,0.0,0.2121,0.2799,0.0533,3.0,28335.4267,387.1367,368.83,18,5.3097,75394,,p90 doorlooptijd instructie 285s,wachtrij piekte op 3 verzoeken,417.0
scen_koudestart_s20,"Koude start, 20 studenten",scenario,20,12000,normaal,0.0,groen,groen,0.1256,0.3221,0.8736,29.947,87.4502,60.5823,244,0,0.0,37,0.8687,0.0,0.0485,0.0829,0.0,0.0,9920.575,377.4792,347.8417,12,4.918,30216,,,,260.0
scen_koudestart_s30,"Koude start, 30 studenten",scenario,30,12000,normaal,0.0,oranje,groen,0.1364,0.3446,0.7546,38.6327,144.107,41.1031,324,0,0.0,45,0.8892,0.0,0.0955,0.1648,0.0,0.0,12462.7333,537.0125,477.2833,14,4.321,29592,,p90 doorlooptijd instructie 144s,,252.0
scen_lange_sessies,"Lange sessies, weinig studenten, zeer grote context",scenario,6,110000,intensief,0.3,oranje,groen,0.4083,1.0903,3.7005,57.7431,146.3915,49.7975,78,0,0.0,8,0.9907,0.0,0.1251,0.2191,0.0,0.0,19074.1133,103.0833,95.61,0,0.0,114418,,p90 doorlooptijd instructie 146s,,398.0
scen_na_de_stilte,"Na de stilte: tien minuten niets, dan hervat iedereen tegelijk",scenario,20,32000,normaal,0.5,oranje,groen,0.2284,0.944,9.2906,59.339,165.5412,36.5469,247,0,0.0,34,0.9383,0.0,0.1589,0.1993,0.1765,8.0,23115.5542,369.9125,351.6625,19,7.6923,56621,,p90 doorlooptijd instructie 166s,wachtrij piekte op 8 verzoeken,1105.0
scen_worst_case,"Worst case: 20 studenten, maximale context, geen gedeelde prefix",scenario,20,100000,intensief,0.0,rood,groen,0.3964,0.9578,2.5772,391.9563,401.2986,15.2232,172,0,0.0,23,0.9455,0.0,0.7347,0.8409,1.22,9.0,32878.2633,206.4433,167.5867,0,0.0,85839,,p90 doorlooptijd instructie 401s,wachtrij piekte op 9 verzoeken,419.0
shared_00_c32k,"20 studenten, 32k, 0% gedeelde projectbasis",shared,20,32000,normaal,0.0,groen,groen,0.173,0.5842,2.4631,31.9092,76.8583,59.8038,202,0,0.0,34,0.926,0.0,0.0776,0.1664,0.0,0.0,14145.5533,253.4533,237.0167,13,6.5,42497,,,,400.0
shared_00_c64k,"20 studenten, 64k, 0% gedeelde projectbasis",shared,20,64000,normaal,0.0,oranje,groen,0.2664,0.6971,3.8971,41.3781,116.4269,45.8809,178,0,0.0,31,0.9597,0.0,0.1533,0.2875,0.0,0.0,22328.6233,236.4867,218.8367,5,3.0675,58737,,p90 doorlooptijd instructie 116s,,402.0
shared_50_c32k,"20 studenten, 32k, 50% gedeelde projectbasis",shared,20,32000,normaal,0.5,groen,groen,0.1817,0.5993,2.6337,30.8492,76.6945,60.1818,198,0,0.0,34,0.9394,0.0,0.0711,0.1459,0.0,0.0,15301.19,253.0333,231.2833,13,6.6667,44931,,,,397.0
shared_50_c64k,"20 studenten, 64k, 50% gedeelde projectbasis",shared,20,64000,normaal,0.5,oranje,groen,0.2761,0.7794,4.3367,42.9796,100.935,46.5498,178,0,0.0,29,0.9688,0.0,0.1258,0.1924,0.0,0.0,24030.37,238.5333,222.1333,5,3.1646,60997,,p90 doorlooptijd instructie 101s,,402.0
shared_90_c32k,"20 studenten, 32k, 90% gedeelde projectbasis",shared,20,32000,normaal,0.9,groen,groen,0.1883,0.6822,2.3249,32.9219,79.7224,57.4632,201,0,0.0,34,0.9547,0.0,0.0701,0.1252,0.0,0.0,16987.95,252.0367,228.2867,11,5.5,49497,,,,397.0
shared_90_c64k,"20 studenten, 64k, 90% gedeelde projectbasis",shared,20,64000,normaal,0.9,oranje,groen,0.2862,0.776,4.4945,46.7262,91.9177,42.4987,178,0,0.0,29,0.9774,0.0,0.1091,0.1689,0.0067,1.0,25252.29,239.3733,211.93,3,1.7857,63178,,p90 doorlooptijd instructie 92s,wachtrij piekte op 1 verzoeken,399.0
sweep_s10_c100k,"10 studenten, 100k context",sweep,10,100000,normaal,0.5,oranje,groen,0.3219,1.0573,2.6096,40.2254,104.6217,52.0702,107,0,0.0,12,0.9825,0.0,0.1154,0.2134,0.0,0.0,22242.5133,125.7167,119.6567,1,1.2048,90261,,p90 doorlooptijd instructie 105s,,400.0
sweep_s10_c32k,"10 studenten, 32k context",sweep,10,32000,normaal,0.5,groen,groen,0.1813,0.6262,2.6859,29.6288,76.4967,71.6183,132,0,0.0,17,0.9479,0.0,0.046,0.0818,0.0,0.0,11273.73,153.2,141.4767,6,4.5455,57853,,,,398.0
sweep_s10_c64k,"10 studenten, 64k context",sweep,10,64000,normaal,0.5,oranje,groen,0.2551,0.9743,6.3766,30.1732,97.1596,65.2747,111,0,0.0,16,0.9671,0.0,0.0794,0.1629,0.0067,1.0,16318.0967,132.11,132.8533,3,2.8037,67571,,p90 doorlooptijd instructie 97s,wachtrij piekte op 1 verzoeken,401.0
sweep_s10_c8k,"10 studenten, 8k context",sweep,10,8000,normaal,0.5,groen,groen,0.1339,0.3264,2.2356,27.3806,61.7701,92.3247,145,0,0.0,19,0.8866,0.0,0.0285,0.0643,0.0,0.0,5986.1667,167.69,164.69,18,12.2449,53045,,,,403.0
sweep_s20_c100k,"20 studenten, 100k context",sweep,20,100000,normaal,0.5,oranje,groen,0.3725,0.9294,5.5487,60.0682,164.4036,33.2982,170,0,0.0,29,0.9826,0.0,0.2096,0.3478,0.0134,1.0,31046.6967,236.8533,200.8267,1,0.6452,81955,,p90 doorlooptijd instructie 164s,wachtrij piekte op 1 verzoeken,410.0
sweep_s20_c32k,"20 studenten, 32k context",sweep,20,32000,normaal,0.5,groen,groen,0.1729,0.6466,2.6218,30.9863,76.2925,59.9637,202,0,0.0,34,0.9415,0.0,0.0719,0.1453,0.0,0.0,15661.19,254.8833,234.2433,13,6.5327,44406,,,,401.0
sweep_s20_c64k,"20 studenten, 64k context",sweep,20,64000,normaal,0.5,oranje,groen,0.2838,0.7679,4.2741,43.0929,101.712,46.6118,177,0,0.0,29,0.9686,0.0,0.1256,0.1899,0.0,0.0,24013.7767,238.4067,222.72,5,3.1646,60020,,p90 doorlooptijd instructie 102s,,402.0
sweep_s20_c8k,"20 studenten, 8k context",sweep,20,8000,normaal,0.5,groen,groen,0.1264,0.3952,1.5424,24.6872,64.5507,76.7978,215,0,0.0,34,0.8858,0.0,0.0367,0.0809,0.0,0.0,8066.7867,268.4567,234.21,27,12.3853,40095,,,,395.0
sweep_s30_c100k,"30 studenten, 100k context",sweep,30,100000,normaal,0.5,rood,groen,0.3747,0.8496,1.6908,115.6274,321.478,24.0241,210,0,0.0,40,0.9767,0.0,0.3579,0.514,0.4533,8.0,38568.33,306.4967,247.4367,1,0.4525,78395,,p90 doorlooptijd instructie 321s,wachtrij piekte op 8 verzoeken,405.0
sweep_s30_c32k,"30 studenten, 32k context",sweep,30,32000,normaal,0.5,oranje,groen,0.1852,0.4707,1.8881,36.0835,131.4019,47.1929,276,0,0.0,40,0.9524,0.0,0.1109,0.1688,0.0,0.0,21390.1767,360.32,317.21,13,5.1383,38908,,p90 doorlooptijd instructie 131s,,399.0
sweep_s30_c64k,"30 studenten, 64k context",sweep,30,64000,normaal,0.5,rood,groen,0.2685,0.6179,2.2605,46.6994,195.6392,35.6326,252,0,0.0,44,0.9789,0.0,0.1981,0.2853,0.0,0.0,33195.7,333.3967,307.3667,3,1.2,60154,,p90 doorlooptijd instructie 196s,,416.0
sweep_s30_c8k,"30 studenten, 8k context",sweep,30,8000,normaal,0.5,groen,groen,0.1318,0.3609,1.5307,29.01,69.95,58.1346,302,0,0.0,47,0.876,0.0,0.0546,0.1061,0.0,0.0,10215.2633,369.4033,332.9267,39,13.4948,36284,,,,415.0
sweep_s5_c100k,"5 studenten, 100k context",sweep,5,100000,normaal,0.5,groen,groen,0.3624,0.7955,1.3783,40.7636,58.7378,63.6603,64,0,0.0,8,0.9912,0.0,0.054,0.1193,0.0,0.0,13981.0,70.5267,63.3233,0,0.0,88683,,,,400.0
sweep_s5_c32k,"5 studenten, 32k context",sweep,5,32000,normaal,0.5,groen,groen,0.1732,0.4612,1.4792,24.3174,48.9779,113.4273,80,0,0.0,9,0.9634,0.0,0.0167,0.0527,0.0,0.0,7204.1233,83.8433,79.92,4,5.0,38435,,,,395.0
sweep_s5_c64k,"5 studenten, 64k context",sweep,5,64000,normaal,0.5,groen,groen,0.252,0.6124,2.9928,33.4296,59.7381,82.7917,68,0,0.0,8,0.9773,0.0,0.0302,0.0789,0.0,0.0,10442.1967,74.7467,70.1233,2,3.0303,61547,,,,395.0
sweep_s5_c8k,"5 studenten, 8k context",sweep,5,8000,normaal,0.5,groen,groen,0.1135,0.2767,0.7512,18.5032,40.7483,138.1514,94,0,0.0,11,0.9187,0.0,0.0069,0.0279,0.0,0.0,3317.19,93.75,85.1367,10,10.4167,31561,,,,400.0
